{
    "head": "c_head.x",
    "first_neck": "c_neck.x",
    "last_neck": "c_neck.x",
    "first_spine": "c_root_master.x",
    "last_spine": "c_spine_02.x",
    "clav_l": "l_arm_clav.x",
    "clav_r": "r_arm_clav.x",
    "uparm_r": "r_arm01.x",
    "uparm_l": "l_arm01.x",
    "lowarm_r": "r_arm02.x",
    "lowarm_l": "l_arm02.x",
    "hand_r": "r_hand.x",
    "hand_l": "l_hand.x",
    "palm_pinky_r": "",
    "pinky_01_r": "r_fingerE01.x",
    "pinky_02_r": "r_fingerE02.x",
    "pinky_03_r": "r_fingerE03.x",
    "palm_ring_r": "",
    "ring_01_r": "r_fingerD01.x",
    "ring_02_r": "r_fingerD02.x",
    "ring_03_r": "r_fingerD03.x",
    "palm_middle_r": "",
    "middle_01_r": "r_fingerC01.x",
    "middle_02_r": "r_fingerC02.x",
    "middle_03_r": "r_fingerC03.x",
    "palm_index_r": "",
    "index_01_r": "r_fingerB01.x",
    "index_02_r": "r_fingerB02.x",
    "index_03_r": "r_fingerB03.x",
    "thumb_01_r": "r_fingerA01.x",
    "thumb_02_r": "r_fingerA02.x",
    "thumb_03_r": "r_fingerA03.x",
    "palm_pinky_l": "",
    "pinky_01_l": "l_fingerE01.x",
    "pinky_02_l": "l_fingerE02.x",
    "pinky_03_l": "l_fingerE03.x",
    "palm_ring_l": "",
    "ring_01_l": "l_fingerD01.x",
    "ring_02_l": "l_fingerD02.x",
    "ring_03_l": "l_fingerD03.x",
    "palm_middle_l": "",
    "middle_01_l": "l_fingerC01.x",
    "middle_02_l": "l_fingerC02.x",
    "middle_03_l": "l_fingerC03.x",
    "palm_index_l": "",
    "index_01_l": "l_fingerB01.x",
    "index_02_l": "l_fingerB02.x",
    "index_03_l": "l_fingerB03.x",
    "thumb_01_l": "l_fingerA01.x",
    "thumb_02_l": "l_fingerA02.x",
    "thumb_03_l": "l_fingerA03.x",
    "thigh_l": "l_leg01.x",
    "thigh_r": "r_leg01.x",
    "calf_l": "l_leg02.x",
    "calf_r": "r_leg02.x",
    "foot_l": "l_foot.x",
    "foot_r": "r_foot.x",
    "toe_l": "l_toe.x",
    "toe_r": "r_toe.x",
    "heel_r": "",
    "heel_l": ""
}