{
    "head": "head.x",
    "first_neck": "neck.x",
    "last_neck": "neck.x",
    "first_spine": "spine_01.x",
    "last_spine": "spine_02.x",
    "clav_l": "shoulder.l",
    "clav_r": "shoulder.r",
    "uparm_l": "arm_stretch.l",
    "uparm_r": "arm_stretch.r",
    "lowarm_l": "forearm_stretch.l",
    "lowarm_r": "forearm_stretch.r",
    "hand_l": "hand.l",
    "hand_r": "hand.r",
    "palm_pinky_r": "",
    "pinky_01_r": "c_pinky1_base.r",
    "pinky_02_r": "c_pinky2.r",
    "pinky_03_r": "c_pinky3.r",
    "palm_ring_r": "",
    "ring_01_r": "c_ring1_base.r",
    "ring_02_r": "c_ring2.r",
    "ring_03_r": "c_ring3.r",
    "palm_middle_r": "",
    "middle_01_r": "c_middle1_base.r",
    "middle_02_r": "c_middle2.r",
    "middle_03_r": "c_middle3.r",
    "palm_index_r": "",
    "index_01_r": "c_index1_base.r",
    "index_02_r": "c_index2.r",
    "index_03_r": "c_index3.r",
    "thumb_01_r": "thumb1.r",
    "thumb_02_r": "c_thumb2.r",
    "thumb_03_r": "c_thumb3.r",
    "palm_pinky_l": "",
    "pinky_01_l": "c_pinky1_base.l",
    "pinky_02_l": "c_pinky2.l",
    "pinky_03_l": "c_pinky3.l",
    "palm_ring_l": "",
    "ring_01_l": "c_ring1_base.l",
    "ring_02_l": "c_ring2.l",
    "ring_03_l": "c_ring3.l",
    "palm_middle_l": "",
    "middle_01_l": "c_middle1_base.l",
    "middle_02_l": "c_middle2.l",
    "middle_03_l": "c_middle3.l",
    "palm_index_l": "",
    "index_01_l": "c_index1_base.l",
    "index_02_l": "c_index2.l",
    "index_03_l": "c_index3.l",
    "thumb_01_l": "thumb1.l",
    "thumb_02_l": "c_thumb2.l",
    "thumb_03_l": "c_thumb3.l",
    "thigh_l": "thigh_stretch.l",
    "thigh_r": "thigh_stretch.r",
    "calf_l": "leg_stretch.l",
    "calf_r": "leg_stretch.r",
    "foot_l": "foot.l",
    "foot_r": "foot.r",
    "toe_l": "toes_01.l",
    "toe_r": "toes_01.r",
    "heel_l": "",
    "heel_r": ""
}
