{
    "head": "head",
    "first_neck": "neck_01",
    "last_neck": "",
    "first_spine": "pelvis",
    "last_spine": "spine_05",
    "clav_l": "clavicle_l",
    "clav_r": "clavicle_r",
    "uparm_r": "upperarm_r",
    "uparm_l": "upperarm_l",
    "lowarm_r": "lowerarm_r",
    "lowarm_l": "lowerarm_l",
    "hand_r": "hand_r",
    "hand_l": "hand_l",
    "palm_pinky_r": "pinky_metacarpal_r",
    "pinky_01_r": "pinky_01_r",
    "pinky_02_r": "pinky_02_r",
    "pinky_03_r": "pinky_03_r",
    "palm_ring_r": "ring_metacarpal_r",
    "ring_01_r": "ring_01_r",
    "ring_02_r": "ring_02_r",
    "ring_03_r": "ring_03_r",
    "palm_middle_r": "middle_metacarpal_r",
    "middle_01_r": "middle_01_r",
    "middle_02_r": "middle_02_r",
    "middle_03_r": "middle_03_r",
    "palm_index_r": "index_metacarpal_r",
    "index_01_r": "index_01_r",
    "index_02_r": "index_02_r",
    "index_03_r": "index_03_r",
    "thumb_01_r": "thumb_01_r",
    "thumb_02_r": "thumb_02_r",
    "thumb_03_r": "thumb_03_r",
    "palm_pinky_l": "pinky_metacarpal_l",
    "pinky_01_l": "pinky_01_l",
    "pinky_02_l": "pinky_02_l",
    "pinky_03_l": "pinky_03_l",
    "palm_ring_l": "ring_metacarpal_l",
    "ring_01_l": "ring_01_l",
    "ring_02_l": "ring_02_l",
    "ring_03_l": "ring_03_l",
    "palm_middle_l": "middle_metacarpal_l",
    "middle_01_l": "middle_01_l",
    "middle_02_l": "middle_02_l",
    "middle_03_l": "middle_03_l",
    "palm_index_l": "index_metacarpal_l",
    "index_01_l": "index_01_l",
    "index_02_l": "index_02_l",
    "index_03_l": "index_03_l",
    "thumb_01_l": "thumb_01_l",
    "thumb_02_l": "thumb_02_l",
    "thumb_03_l": "thumb_03_l",
    "thigh_l": "thigh_l",
    "thigh_r": "thigh_r",
    "calf_l": "calf_l",
    "calf_r": "calf_r",
    "foot_l": "foot_l",
    "foot_r": "foot_r",
    "toe_l": "ball_l",
    "toe_r": "ball_r",
    "heel_r": "",
    "heel_l": ""
}