{
    "head": "mixamorig:Head",
    "first_neck": "mixamorig:Neck",
    "last_neck": "mixamorig:Neck",
    "first_spine": "mixamorig:Hips",
    "last_spine": "mixamorig:Spine2",
    "clav_l": "mixamorig:LeftShoulder",
    "clav_r": "mixamorig:RightShoulder",
    "uparm_r": "mixamorig:RightArm",
    "uparm_l": "mixamorig:LeftArm",
    "lowarm_r": "mixamorig:RightForeArm",
    "lowarm_l": "mixamorig:LeftForeArm",
    "hand_r": "mixamorig:RightHand",
    "hand_l": "mixamorig:LeftHand",
    "palm_pinky_r": "",
    "pinky_01_r": "mixamorig:RightHandPinky1",
    "pinky_02_r": "mixamorig:RightHandPinky2",
    "pinky_03_r": "mixamorig:RightHandPinky3",
    "palm_ring_r": "",
    "ring_01_r": "mixamorig:RightHandRing1",
    "ring_02_r": "mixamorig:RightHandRing2",
    "ring_03_r": "mixamorig:RightHandRing3",
    "palm_middle_r": "",
    "middle_01_r": "mixamorig:RightHandMiddle1",
    "middle_02_r": "mixamorig:RightHandMiddle2",
    "middle_03_r": "mixamorig:RightHandMiddle3",
    "palm_index_r": "",
    "index_01_r": "mixamorig:RightHandIndex1",
    "index_02_r": "mixamorig:RightHandIndex2",
    "index_03_r": "mixamorig:RightHandIndex3",
    "thumb_01_r": "mixamorig:RightHandThumb1",
    "thumb_02_r": "mixamorig:RightHandThumb2",
    "thumb_03_r": "mixamorig:RightHandThumb3",
    "palm_pinky_l": "",
    "pinky_01_l": "mixamorig:LeftHandPinky1",
    "pinky_02_l": "mixamorig:LeftHandPinky2",
    "pinky_03_l": "mixamorig:LeftHandPinky3",
    "palm_ring_l": "",
    "ring_01_l": "mixamorig:LeftHandRing1",
    "ring_02_l": "mixamorig:LeftHandRing2",
    "ring_03_l": "mixamorig:LeftHandRing3",
    "palm_middle_l": "",
    "middle_01_l": "mixamorig:LeftHandMiddle1",
    "middle_02_l": "mixamorig:LeftHandMiddle2",
    "middle_03_l": "mixamorig:LeftHandMiddle3",
    "palm_index_l": "",
    "index_01_l": "mixamorig:LeftHandIndex1",
    "index_02_l": "mixamorig:LeftHandIndex2",
    "index_03_l": "mixamorig:LeftHandIndex3",
    "thumb_01_l": "mixamorig:LeftHandThumb1",
    "thumb_02_l": "mixamorig:LeftHandThumb2",
    "thumb_03_l": "mixamorig:LeftHandThumb3",
    "thigh_l": "mixamorig:LeftUpLeg",
    "thigh_r": "mixamorig:RightUpLeg",
    "calf_l": "mixamorig:LeftLeg",
    "calf_r": "mixamorig:RightLeg",
    "foot_l": "mixamorig:LeftFoot",
    "foot_r": "mixamorig:RightFoot",
    "toe_l": "mixamorig:LeftToeBase",
    "toe_r": "mixamorig:RightToeBase",
    "heel_r": "",
    "heel_l": ""
}